year,mean_norm_bias,count,R2
2022,-0.07442706550982378,23,0.19522404176511235
2023,-0.2234560746363989,22,0.4143553243855097
