ac.type,mean,sd,n,tcrit,bound,lower.95,upper.95
AC,0.13045479292915754,0.05476708856915603,16,2.131449545559775,0.029183321510589895,0.10127147141856765,0.15963811443974743
EC,0.5983039637597662,0.1789393026403274,15,2.144786687917804,0.09909328286270296,0.4992106808970633,0.6973972466224692
