estimate,estimate1,estimate2,statistic,p.value,parameter,conf.low,conf.high,method,alternative
-0.5196142954881855,0.13045479292915754,0.650069088417343,-14.165103932972224,6.697385738219989e-11,17.159448917098686,-0.5969532865017672,-0.4422753044746039,Welch Two Sample t-test,two.sided
