estimate,estimate1,estimate2,statistic,p.value,parameter,conf.low,conf.high,method,alternative
-17.702232142857145,4.9156249999999995,22.617857142857144,-12.984500979076666,7.346550750008957e-11,18.885359378977608,-20.556899134460085,-14.847565151254207,Welch Two Sample t-test,two.sided
