"ac.type","season","count.In","count.Out","average.temp.In","std.dev.temp.In","min.temp.In","max.temp.In","average.temp.Out","std.dev.temp.Out","min.temp.Out","max.temp.Out","average.RH.In","std.dev.RH.In","min.RH.In","max.RH.In","average.RH.Out","std.dev.RH.Out","min.RH.Out","max.RH.Out"
"Central","Summer",18,20,22.6673532184445,1.65059236613663,16.6249240121581,24.0836805555556,23.7326400268908,2.85176047171689,18.9899688541667,27.5389590443686,44.4943934081102,6.58714714948332,34.6544827586207,58.1003533568905,43.1102722775571,13.5830086508553,24.6264604810997,73.1544483985765
"Central","Winter",7,7,19.2695182164654,0.706062623030459,18.2215277777778,20.121107266436,1.09834127027101,2.65677788555608,-1.92584269662921,5.45248226950355,32.9525595736243,5.51559758181423,27.331724137931,42.0733564013841,60.8405233514467,10.7077743418499,44.3218309859155,74.585393258427
"Evap","Summer",13,15,22.053250439313,1.76895400486752,19.7192170818505,25.8195729537367,23.8315679030679,2.26160980209231,18.9855288652482,27.2761157092199,52.3517447217278,12.3424324811036,31.2480701754386,76.1972413793103,36.3472882261226,12.1377445908355,17.5961403508772,63.3327402135231
"Evap","Winter",5,5,20.3352686272053,0.912323764104701,18.9472602739726,21.460350877193,3.84843205308613,4.24162055952103,0.193006993006993,10.9555944055944,23.9401147494091,4.79919486548304,19.5597902097902,31.3825174825175,50.5871489844906,21.1046008038746,25.3534965034965,72.8038461538462
