"ac.type","season","count.In","count.Out","average.temp.In","std.dev.temp.In","min.temp.In","max.temp.In","average.temp.Out","std.dev.temp.Out","min.temp.Out","max.temp.Out","average.RH.In","std.dev.RH.In","min.RH.In","max.RH.In","average.RH.Out","std.dev.RH.Out","min.RH.Out","max.RH.Out"
"Central","Summer",19,18,22.5994143016685,1.62623404378197,16.6495468277946,24.0771626297578,26.076405051099,3.18507300144881,20.3876325088339,31.7930921052632,44.6003705994977,6.41066651294518,34.6752577319588,58.0933098591549,44.2548242542167,15.0661946521991,24.6264604810997,73.2918727915194
"Central","Winter",7,7,19.2660160863532,0.696254747044126,18.2215277777778,20.1030927835052,1.14792687940342,2.68367923366152,-1.83868613138686,5.45248226950355,32.9964036147111,5.50932467914376,27.4337883959044,42.1264604810997,60.6238482598167,10.8191879864834,43.4183050847458,74.0788321167883
"Evap","Summer",14,13,22.1795389879202,1.74977207765615,19.7265957446808,25.8195729537367,25.7863831483129,2.9557550434607,21.2640569395018,31.8839160839161,52.5494499200994,11.8713968987454,31.2480701754386,76.1786941580756,37.1970962081785,12.6199999547585,17.6395104895105,63.3327402135231
"Evap","Winter",5,5,20.3333081986507,0.911028386461816,18.9472602739726,21.4587412587413,3.8573316257357,4.23889647717762,0.193006993006993,10.9555944055944,23.9536096437809,4.79609807723108,19.5597902097902,31.3825174825175,50.540546420388,21.0434466390573,25.3534965034965,72.5708333333333
